provider_id,npi,full_name,specialty,phone,address,city,state,last_verified
CR-001,1407853921,Dr. Maria Garcia-Lopez,Cardiology,(415) 555-0142,1200 Market St Suite 300,San Francisco,CA,2026-02-11
CR-002,1932716458,Robert J. Chen,Family Medicine,415-555-0199,88 Oak Street,Oakland,CA,2025-11-03
CR-003,,Priya Raman,Dermatology,(212) 555-0108,455 Park Ave,New York,NY,2026-01-20
CR-004,1659034217,James Lee,Orthopedic Surgery,(617) 555-0133,25 Beacon St,Boston,MA,2025-09-14
CR-005,1780245563,James Lee,Pediatrics,(503) 555-0177,910 NW Hoyt St,Portland,OR,2026-03-02
CR-006,1295873046,Aisha Okafor MD,Internal Medicine,312.555.0161,200 W Madison St,Chicago,IL,2025-12-18
CR-007,1548902731,Jonathan Whitfield,Neurology,(206) 555-0120,1101 Madison St,Seattle,WA,2026-02-27
CR-008,1376420985,Elizabeth Novak,Psychiatry,(303) 555-0154,1650 Fillmore St,Denver,CO,2024-06-30
CR-009,,Thomas O'Brien,Gastroenterology,(617) 555-0188,75 Francis St,Boston,MA,2026-01-05
CR-010,1823749106,Sofia Rossi,Obstetrics & Gynecology,(305) 555-0112,1611 NW 12th Ave,Miami,FL,2025-10-22
CR-011,1063958274,Daniel Kim,Anesthesiology,(213) 555-0147,1500 San Pablo St,Los Angeles,CA,2026-03-10
CR-012,1714385920,Fatima Haddad,Endocrinology,(713) 555-0165,6565 Fannin St,Houston,TX,2025-08-01
CR-013,1490637218,Michael Brennan,Radiology,(215) 555-0139,3400 Spruce St,Philadelphia,PA,2026-02-02
CR-014,,Kat Nguyen,Family Medicine,(408) 555-0191,751 S Bascom Ave,San Jose,CA,2025-12-01
CR-015,1187264593,Grace Adeyemi,Oncology,(404) 555-0126,1365 Clifton Rd NE,Atlanta,GA,2026-01-28
CR-016,1602948375,William Turner,Urology,(615) 555-0183,1211 Medical Center Dr,Nashville,TN,2025-07-19
CR-017,1355820764,Hannah Schultz,Pulmonology,(612) 555-0158,420 Delaware St SE,Minneapolis,MN,2026-02-15
CR-018,1938475610,Luis Fernandez,Nephrology,(602) 555-0171,1111 E McDowell Rd,Phoenix,AZ,2025-11-30
